<?xml version="1.0" encoding="UTF-8"?>
<project-private xmlns="http://www.netbeans.org/ns/project-private/1">
    <editor-bookmarks xmlns="http://www.netbeans.org/ns/editor-bookmarks/2" lastBookmarkId="0"/>
    <open-files xmlns="http://www.netbeans.org/ns/projectui-open-files/2">
        <group>
            <file>file:/C:/Users/Redgle/Documents/NetBeansProjects/Lab5C/src/edu/jsu/mcis/lab5c/Circle.java</file>
            <file>file:/C:/Users/Redgle/Documents/NetBeansProjects/Lab5C/src/edu/jsu/mcis/lab5c/Point.java</file>
            <file>file:/C:/Users/Redgle/Documents/NetBeansProjects/Lab5C/src/edu/jsu/mcis/lab5c/Triangle.java</file>
            <file>file:/C:/Users/Redgle/Documents/NetBeansProjects/Lab5C/src/edu/jsu/mcis/lab5c/Rectangle.java</file>
            <file>file:/C:/Users/Redgle/Documents/NetBeansProjects/Lab5C/src/edu/jsu/mcis/lab5c/Main.java</file>
            <file>file:/C:/Users/Redgle/Documents/NetBeansProjects/Lab5C/src/edu/jsu/mcis/lab5c/Shape.java</file>
        </group>
    </open-files>
</project-private>
